1593194436.9871962,43.4100194,-72.0369782,1641651648.029824,294.96,1593194437.0273912,0.16575120389461517,1593194437.322102,-1.0,1593194437.0073106,-0.004094326152170121,0.22996355470673968,1593194437.008245,0.29540812969207764,0.5323776602745056,0.3855478763580322,0.3280423109293834,-0.03534634519820623,-0.9243695881074223,-0.19151956219497066,0.10179877180205153,-0.03589041814732717,0.13624907375386208,0.009348350577056408,-0.03866049647331238,0.00020842764934059707,1593194437.0,200626.0,140037.0,5.960146427154541,23.699445724487305,0.07108490914106369,0.025099223479628563,4.276895523071289,2.5738334443303756e-05,0.02573833428323269,0.512665867805481,93.52877807617188,7.918604373931885
1593194438.999547,43.4100223,-72.0369783,1641651648.279423,294.99,1593194439.04647,0.11386992782354355,1593194439.048722,-1.0,1593194438.8405468,-0.0005340425415874071,0.029995246266096478,1593194439.039547,-0.0006249547004699707,0.3368645906448364,0.002997279167175293,0.3285089465080012,-0.03481798871749425,-0.9242691906386757,-0.19130092253305694,0.06618821409931952,-0.005524345327400894,0.10174858251072844,-0.0025218422524631023,-0.0012452173978090286,6.543427298311159e-05,1593194439.0,200626.0,140039.0,5.960146427154541,23.700910568237305,0.07106341421604156,0.02504066377878189,4.474727630615234,2.567742376413662e-05,0.025677423924207687,0.5158818364143372,93.53838348388672,7.919417381286621
1593194439.999325,43.4100237,-72.0369779,1641651648.37988,294.95,1593194440.046529,0.0975099578499794,1593194440.358575,-1.0,1593194440.4402127,-0.0010680850831748141,0.059990492532192956,1593194440.039325,0.027883410453796387,0.49321866035461426,-0.003414452075958252,0.32800207075641186,-0.03442250523555421,-0.9244640723697071,-0.1913005792213682,0.06306695197203238,-0.011556388742248723,0.07713630081864536,-0.0017991054337471724,0.00015705823898315427,-0.00021813398052472624,1593194440.0,200626.0,140040.0,5.960146427154541,23.701650619506836,0.07111252099275589,0.02509906329214573,5.016679286956787,2.573685378592927e-05,0.02573685348033905,0.5238369107246399,93.53985595703125,7.918878078460693
1593194441.9990418,43.4100263,-72.0369771,1641651648.579513,294.93,1593194442.046926,0.05437910184264183,1593194441.627734,-1.0,1593194441.8400419,-0.0007120567221165428,0.03999366168812864,1593194442.0390418,0.04853147268295288,0.10404717922210693,-0.12138736248016357,0.32776403703569035,-0.03435307297894316,-0.9245667374293558,-0.19122486878595737,0.06304300150814729,-0.00280964479298009,0.009028989466232474,-9.857956320047379e-05,0.0006973240524530411,9.994863648898891e-05,1593194442.0,200626.0,140042.0,5.960146427154541,23.703264236450195,0.0710923820734024,0.025099461898207664,4.238885402679443,2.5736477255122736e-05,0.025736477226018906,0.5204635858535767,93.53734588623047,7.918846607208252
1593194442.9988718,43.4100273,-72.0369772,1641651648.680152,294.88,1593194443.0462248,0.06680306792259216,1593194442.846038,-1.0,1593194442.839872,-0.0007120567221165428,0.03999366168812864,1593194443.0388718,0.036340296268463135,0.22592377662658691,-0.16658058762550354,0.3277529714975104,-0.03423867021014432,-0.924568501686988,-0.19125582036913583,0.07732595028900469,0.0036010740174092165,0.009443150250226733,-0.0005831120070070028,0.0011037271469831467,2.1678759367205067e-05,1593194443.0,200626.0,140043.0,5.960146427154541,23.70420265197754,0.07107490301132202,0.025332899764180183,4.253139495849609,2.597535240056459e-05,0.02597535215318203,0.5230439305305481,93.5384521484375,7.918517112731934
1593194443.998645,43.4100281,-72.0369773,1641651648.778966,294.89,1593194444.046506,0.06131202355027199,1593194444.023514,-1.0,1593194443.8396451,-0.0014241134442330855,0.07998732337625727,1593194444.038645,0.023392021656036377,0.315976619720459,-0.11062324047088623,0.32774479408760315,-0.034038270807548204,-0.9245795884292138,-0.19125200843121123,0.060796109700929746,0.023923230756619517,0.020455932908769778,-0.00028002867475152016,0.0029844194650650024,-4.845924559049345e-05,1593194444.0,200626.0,140044.0,5.960146427154541,23.7050724029541,0.07110720127820969,0.025216130539774895,4.271048545837402,2.585513357189484e-05,0.025855133309960365,0.5300356149673462,93.54232788085938,7.918664455413818
1593194444.9984765,43.4100291,-72.0369782,1641651648.880677,294.93,1593194445.02656,0.0783805176615715,1593194445.150098,-1.0,1593194444.8394766,-0.002848226888466171,0.15997464675251455,1593194445.0384767,-0.04228544235229492,0.4241626262664795,0.10865825414657593,0.32780293830669704,-0.03398741703163918,-0.9245670113239819,-0.19122220240456791,0.0452859894510905,0.03553899685294868,0.05464719320189179,0.001450221985578537,0.006000427529215813,0.0004668424080591641,1593194445.0,200626.0,140045.0,5.960146427154541,23.706161499023438,0.07112200558185577,0.025040961802005768,4.112852573394775,2.5675080905784853e-05,0.025675080716609955,0.5390092730522156,93.5455551147461,7.918756008148193
1593194446.9979105,43.4100322,-72.0369802,1641651649.0801,294.87,1593194446.7255015,0.09455256164073944,1593194446.52214,231.3000030517578,1593194446.8389106,-0.0014241134442330855,0.07998732337625727,1593194446.538081,-0.04781198501586914,0.11496424674987793,-0.04998919367790222,0.3278591973744207,-0.03398559508325036,-0.9245413681895056,-0.19125005759506328,0.06843342744467287,0.026508611186172332,0.03898244686451667,-0.0020571905188262463,0.011900560930371284,0.001374084386043249,1593194447.0,200626.0,140047.0,5.960146427154541,23.70793342590332,0.07102183997631073,0.024515388533473015,4.146799564361572,2.513522485969588e-05,0.0251352246850729,0.5467427372932434,93.5479507446289,7.918777942657471
1593194447.997518,43.410034,-72.0369817,1641651649.181262,294.85,1593194448.0264537,0.10422465950250626,1593194447.859355,233.60000610351562,1593194447.8385181,-0.0008900709026456784,0.0499920771101608,1593194448.0375183,-0.2422773838043213,0.42944836616516113,-0.42035913467407227,0.3277566811450247,-0.03420229305470407,-0.924588465037514,-0.19115943982490793,0.1170243914046834,0.024046155628988077,0.01683065027075272,0.005921098403632641,0.010180089622735977,6.78072683513152e-05,1593194448.0,200626.0,140048.0,5.960146427154541,23.708898544311523,0.07101446390151978,0.024515388533473015,4.152464389801025,2.4955219487310387e-05,0.02495521865785122,0.545464038848877,93.55252838134766,7.919226169586182
1593194448.9971242,43.4100358,-72.0369836,1641651649.279552,294.87,1593194449.0455027,0.11369779706001282,1593194449.222306,237.5,1593194448.8381243,-0.0001780141805291357,0.00999841542203216,1593194449.0371242,0.0044960081577301025,0.0135650634765625,0.0048350319266319275,0.327631939382627,-0.03411347761977915,-0.9246316764597172,-0.19118013973307016,0.10971087421653021,0.024897775315364436,0.04139990830621329,0.004450000356882811,0.009023843333125114,0.0001425314985681314,1593194449.0,200626.0,140049.0,5.960146427154541,23.709869384765625,0.07107904553413391,0.023581214249134064,4.164643287658691,2.417647192487493e-05,0.024176472797989845,0.5501894354820251,93.55402374267578,7.918929576873779
1593194450.996347,43.4100397,-72.0369875,1641651649.480106,294.96,1593194450.7254193,0.1141945868730545,1593194450.542746,242.6999969482422,1593194450.840347,-0.00124609926370395,0.06998890795422512,1593194451.036347,-0.008886262774467468,0.0017616748809814453,0.015676453709602356,0.3269739711991121,-0.03371164033388804,-0.9250259150985785,-0.1904694302514672,0.07791644594189412,0.027400315703636994,0.07111923437120693,-0.009800635278224945,-0.002587698400020599,0.003717582672834397,1593194451.0,200626.0,140051.0,5.960146427154541,23.712081909179688,0.07098694145679474,0.022413544356822968,3.943892478942871,2.2738973711966537e-05,0.022738974541425705,0.5547940135002136,93.5615463256836,7.9193243980407715
1593194451.9958513,43.4100403,-72.0369895,1641651649.580169,294.98,1593194452.04557,0.12120436877012253,1593194451.88421,250.0,1593194451.8398514,-0.00124609926370395,0.06998890795422512,1593194452.0358512,-0.17774856090545654,0.0645298957824707,-0.026179343461990356,0.3269752408714237,-0.033444317419403596,-0.9249181649664049,-0.19103679646759933,0.07300423058521499,0.07162940660327406,0.06519990248815424,0.004547533579170704,0.007278814911842346,-0.00045224849600344983,1593194452.0,200626.0,140052.0,5.960146427154541,23.713035583496094,0.07101655006408691,0.02218002825975418,3.9614946842193604,2.26786269195145e-05,0.02267862670123577,0.555922269821167,93.56291961669922,7.919984340667725
1593194452.9954157,43.4100419,-72.0369911,1641651649.630291,295.0,1593194453.0253983,0.08991876989603043,1593194453.225986,251.3000030517578,1593194452.8394156,-0.002314184346878764,0.12997940048641807,1593194453.0354156,-0.2984786629676819,0.24585604667663574,-0.2551281154155731,0.3267243021990427,-0.03338580558245072,-0.9250549747771888,-0.19081381495618618,0.08225225276508522,0.04039261635156079,0.02692292902222209,-0.0021520808804780245,-0.0004078131169080734,-0.00016917297034524376,1593194453.0,200626.0,140053.0,5.958571434020996,23.714235305786133,0.0710165724158287,0.022121625021100044,4.121099472045898,2.3456283088307828e-05,0.023456282913684845,0.5558269023895264,93.57079315185547,7.920408725738525
1593194454.9946508,43.4100454,-72.0369943,1641651649.879659,294.93,1593194455.0454748,0.08757402747869492,1593194454.567486,254.60000610351562,1593194454.838651,-0.0008900709026456784,0.0499920771101608,1593194455.034651,-0.17052191495895386,0.21960902214050293,0.1405263990163803,0.32665987548499287,-0.034150124746481464,-0.9250791378170736,-0.19067166413378858,0.07690465630354228,-0.0024658697796687036,0.04296058288253178,0.003062878968194127,0.0005652699619531631,0.0002554761886131018,1593194455.0,200626.0,140055.0,5.958571434020996,23.7164249420166,0.07102333754301071,0.022763965651392937,4.252429962158203,2.32158818107564e-05,0.0232158824801445,0.5471429228782654,93.5682373046875,7.91964864730835
1593194455.9942737,43.4100471,-72.0369966,1641651649.980178,294.89,1593194456.0447106,0.12179937213659286,1593194455.922142,265.1000061035156,1593194455.8382735,-0.0005340425415874071,0.029995246266096478,1593194456.0342736,-0.006630539894104004,0.011728286743164062,0.0026120245456695557,0.3269960235952389,-0.0344493061797031,-0.9249078998018743,-0.19087226812904287,0.10369232837841441,-0.015253605056140635,0.06340952140747849,0.0011341436766088009,0.0005253516137599945,7.578698568977409e-05,1593194456.0,200626.0,140056.0,5.958571434020996,23.71745491027832,0.07102739065885544,0.022647172212600708,4.2703399658203125,2.3035936465021223e-05,0.023035936057567596,0.5381302833557129,93.56369018554688,7.919143199920654
1593194456.9937284,43.4100483,-72.0369984,1641651650.079014,294.86,1593194457.0446618,0.0979006215929985,1593194457.250935,280.79998779296875,1593194456.8377283,-0.0042723403326992565,0.23996197012877182,1593194457.0337284,-0.1453222632408142,0.13903379440307617,-0.10121559351682663,0.327179406829349,-0.0343994873563567,-0.9248318298378113,-0.19093558477994785,0.10733041418632212,0.0073255936803217556,0.05392947674336554,-0.001414101803675294,0.005593465641140938,-0.00037317551323212754,1593194457.0,200626.0,140057.0,5.958571434020996,23.718564987182617,0.07098638266324997,0.022472046315670013,4.280098915100098,2.3155154849519022e-05,0.023155154660344124,0.52821946144104,93.56866455078125,7.9193830490112305
1593194458.9926682,43.4100503,-72.0370007,1641651650.279593,294.73,1593194459.0445654,0.04642213508486748,1593194458.592575,292.8999938964844,1593194458.8366683,-0.0003560283610582714,0.01999683084406432,1593194459.032668,-0.334214985370636,0.36223554611206055,-0.25994256138801575,0.3263998648739651,-0.03401670824118588,-0.925003281543485,-0.19150697351395826,0.04140051013208049,0.0406333912306096,-0.0134424058004598,-0.0044386256486177444,-0.0022660810500383377,-0.0002594239194877443,1593194459.0,200626.0,140059.0,5.958571434020996,23.720718383789062,0.0709608718752861,0.023172661662101746,4.288546085357666,2.3273933038581163e-05,0.023273933678865433,0.5248463153839111,93.56353759765625,7.9180426597595215
1593194459.9921956,43.4100513,-72.0370024,1641651650.38046,294.72,1593194460.0445077,0.05974060297012329,1593194459.934338,303.79998779296875,1593194459.8361957,-0.002848226888466171,0.15997464675251455,1593194460.0321956,-0.0032464265823364258,0.010527610778808594,0.005484879948198795,0.32678411092662896,-0.033869980517900855,-0.9248547359089956,-0.19159511145201966,0.02596723585387635,0.054264104078721905,0.009682391072167463,-0.00047533540055155754,0.0010464992374181747,0.0002915556833613663,1593194460.0,200626.0,140100.0,5.958571434020996,23.72175407409668,0.0710214152932167,0.022705713286995888,4.293452262878418,2.3812082872609608e-05,0.023812083527445793,0.5212400555610657,93.56005096435547,7.917929172515869
1593194460.9916759,43.4100521,-72.0370029,1641651650.480323,294.69,1593194461.0442986,0.05985425040125847,1593194461.275924,316.6000061035156,1593194460.835676,-0.0008900709026456784,0.0499920771101608,1593194461.031676,-0.04898476600646973,0.10402965545654297,-0.08007460832595825,0.3263220754646019,-0.03366714903223486,-0.9250892883257207,-0.191285741145355,0.024433060964336676,0.06170680623505679,-0.02008323797225755,-0.004469775594770908,-0.004270115867257118,5.858905933564581e-05,1593194461.0,200626.0,140101.0,5.958571434020996,23.7230224609375,0.07099655270576477,0.023231221362948418,4.296227931976318,2.3572161808260716e-05,0.0235721617937088,0.5164816975593567,93.55651092529297,7.917629241943359
1593194462.9906597,43.4100543,-72.0370046,1641651650.680308,294.67,1593194463.0444107,0.04355977475643158,1593194462.62202,325.1000061035156,1593194462.8346596,-0.0007120567221165428,0.03999366168812864,1593194463.0306597,-0.18558645248413086,0.34432411193847656,-0.13121123611927032,0.3266918970608122,-0.033883610453583124,-0.9250076372280873,-0.1910109326901179,0.050575695813028745,0.031107078694282468,-0.010965435122356197,-0.002181504387408495,0.0009473580867052079,0.00045001867692917575,1593194463.0,200626.0,140103.0,5.958571434020996,23.725168228149414,0.07098381966352463,0.023815078660845757,4.297909736633301,2.5426128559047356e-05,0.02542612887918949,0.507835328578949,93.5545654296875,7.916619300842285
1593194463.9901597,43.4100556,-72.0370052,1641651650.781054,294.66,1593194464.0445065,0.03887191787362099,1593194463.959188,337.20001220703125,1593194463.8341596,-0.0005340425415874071,0.029995246266096478,1593194464.0301597,-0.0015382766723632812,0.008217334747314453,0.016607314348220825,0.3270905922801377,-0.0345158770514766,-0.9248651723842547,-0.1909052424210468,0.016405826609520724,0.014108524822196874,0.038675715799742376,0.001121983164921403,0.0031575746834278107,-0.0013803648762404923,1593194464.0,200626.0,140104.0,5.958571434020996,23.726333618164062,0.07098988443613052,0.024807587265968323,4.480588912963867,2.4946768462541513e-05,0.02494676783680916,0.5033711194992065,93.5484619140625,7.915982246398926
1593194464.9896681,43.4100567,-72.0370058,1641651650.880825,294.64,1593194465.023538,0.04856385663151741,1593194465.322523,350.0,1593194464.8336682,-0.0014241134442330855,0.07998732337625727,1593194465.0106683,-0.05165660381317139,0.12505578994750977,0.1747817099094391,0.32682927911896864,-0.03448358723353531,-0.9249799753570127,-0.19080238392279728,0.011421999746213475,0.010752667747458207,0.06415291288268617,0.0006092970725148916,-0.0020500682294368744,0.0009870255598798396,1593194465.0,200626.0,140105.0,5.958571434020996,23.727720260620117,0.07098788768053055,0.02434047870337963,4.3835272789001465,2.5843615730991587e-05,0.02584361657500267,0.4999183118343353,93.53988647460938,7.915377140045166
1593194466.9886901,43.4100576,-72.0370077,1641651651.079678,294.59,1593194467.0444694,0.0703708603978157,1593194466.642106,366.3999938964844,1593194466.8326902,-0.0007120567221165428,0.03999366168812864,1593194467.0286903,-0.20687735080718994,0.23141098022460938,-0.27398747205734253,0.32736691626241066,-0.0343857558900133,-0.9249955194618393,-0.18982047019284845,0.07570535353667165,0.03397973172705667,0.005339881773220895,0.003003954654559493,0.009776787832379341,0.00047515411279164135,1593194467.0,200626.0,140107.0,5.958571434020996,23.730300903320312,0.07107938826084137,0.02615022100508213,4.331089019775391,2.6739684471976943e-05,0.026739684864878654,0.5038922429084778,93.52191162109375,7.913735389709473
1593194467.9882126,43.4100586,-72.0370093,1641651651.183546,294.53,1593194468.0442936,0.103066086769104,1593194467.983636,383.20001220703125,1593194467.8322124,-0.0016021276247622212,0.08998573879828943,1593194468.048164,-0.3473104238510132,0.34033632278442383,-0.5671050548553467,0.32731039179436316,-0.03427217142265107,-0.9250920004718857,-0.1894679823936534,0.13224283319172303,0.027619810806006312,-0.005125223026654163,-0.0013253188226372004,-0.0035595986992120743,0.00010044166992884173,1593194468.0,200626.0,140108.0,5.958571434020996,23.73138427734375,0.07106192409992218,0.026091767475008965,4.3253889083862305,2.75768616120331e-05,0.027576861903071404,0.5127253532409668,93.51229858398438,7.912378787994385
1593194468.9877388,43.4100592,-72.0370111,1641651651.279939,294.56,1593194469.0432985,0.1248541846871376,1593194469.32511,405.5,1593194468.831739,-0.0019581559858204926,0.10998256964235376,1593194469.027739,-0.0039598941802978516,0.0075321197509765625,0.004812180995941162,0.3277229705836412,-0.03448340372283329,-0.9249818432560986,-0.18925416525422153,0.15951151101462974,0.03148564883138072,-0.005055261242621956,0.00027332454919815063,0.0012670066207647324,0.0002490447368472813,1593194469.0,200626.0,140109.0,5.958571434020996,23.73248291015625,0.07102630287408829,0.026909152045845985,4.315880298614502,2.769598904706072e-05,0.02769598923623562,0.5101742744445801,93.50405883789062,7.911801815032959
1593194470.9868138,43.4100586,-72.037014,1641651651.479961,294.63,1593194471.0424676,0.11134360730648041,1593194470.666629,425.20001220703125,1593194470.8338137,-0.0026702127079370353,0.14997623133048238,1593194471.0278137,-0.23464488983154297,-0.06185722351074219,-0.005042612552642822,0.3273500617841225,-0.033940039102404645,-0.9251463444929301,-0.18919368928964678,0.07750276362938854,0.09176243244087699,0.007749512234125462,-0.0013573055621236563,-0.002840772271156311,-0.00040306957089342144,1593194471.0,200626.0,140111.0,5.958571434020996,23.73426628112793,0.07104785740375519,0.026325421407818794,4.304983139038086,2.673789276741445e-05,0.026737893000245094,0.515576958656311,93.4808578491211,7.909054756164551
1593194471.986371,43.4100583,-72.0370149,1641651651.579688,294.68,1593194472.0426693,0.09177443385124207,1593194472.022206,437.6000061035156,1593194471.8333712,-0.003382269430053578,0.18996989301861103,1593194472.0263712,-0.30676794052124023,-0.0855245590209961,0.41790080070495605,0.32711124306054634,-0.033928689980074755,-0.9252395587721555,-0.18915294748622594,0.018010543708832677,0.07533671915783402,0.06376578394101132,-0.003887125523760915,-0.0005611274391412735,-0.0004121378005947917,1593194472.0,200626.0,140112.0,5.958571434020996,23.735214233398438,0.07108485698699951,0.026091916486620903,4.30292272567749,2.6258812795276754e-05,0.026258813217282295,0.5159106254577637,93.46633911132812,7.908127784729004
1593194472.9859319,43.4100591,-72.0370152,1641651651.679111,294.73,1593194473.0424926,0.05359288305044174,1593194473.349487,444.8999938964844,1593194473.432711,-0.0016021276247622212,0.08998573879828943,1593194473.0259318,-0.328169584274292,-0.007846355438232422,0.809902548789978,0.3269889676612099,-0.03467832503063417,-0.9252816630909126,-0.18902241334995393,-0.005916827598791828,0.018499807235342045,0.08551151502105059,-0.0005672439001500607,-0.0004942100495100021,-0.00044198671821504826,1593194473.0,200626.0,140113.0,5.960146427154541,23.735885620117188,0.0710727646946907,0.025624804198741913,4.301113128662109,2.6557741875876673e-05,0.026557741686701775,0.5192486643791199,93.46178436279297,7.90731954574585
1593194474.985082,43.4100612,-72.0370168,1641651651.87935,294.74,1593194475.0424728,0.12193505465984344,1593194474.690923,452.3999938964844,1593194474.832082,-0.004628368693757528,0.25995880097283613,1593194475.0250819,-0.003524303436279297,0.015912532806396484,0.009752318263053894,0.3274946099488344,-0.03548229064295785,-0.9250791946097315,-0.18898881238157958,0.07693486138040531,-0.06041996305616819,0.06849470251477151,0.0012417660327628255,0.0017844848334789276,-0.0007231272174976768,1593194475.0,200626.0,140115.0,5.960146427154541,23.736921310424805,0.07106740772724152,0.026150338351726532,4.299615383148193,2.7095469704363495e-05,0.02709547057747841,0.5202517509460449,93.44888305664062,7.9061079025268555
1593194475.9846644,43.4100629,-72.0370175,1641651651.980137,294.76,1593194476.0425928,0.15032806992530823,1593194476.021817,-1.0,1593194475.8316643,-0.0017801418052913569,0.0999841542203216,1593194476.0246644,-0.05751633644104004,0.2041010856628418,-0.15369543433189392,0.3274262170128864,-0.0359778994957497,-0.92509601824532,-0.1889312578351149,0.12175262964597233,-0.09253785799462891,0.03383483561168915,0.0036279098130762577,-0.006674421951174736,0.0007829883834347138,1593194476.0,200626.0,140116.0,5.960146427154541,23.737403869628906,0.07108289003372192,0.026442036032676697,4.296543121337891,2.595871228550095e-05,0.02595871314406395,0.5310733318328857,93.44076538085938,7.905361175537109
1593194476.9842534,43.4100636,-72.0370176,1641651652.078367,294.78,1593194477.0426235,0.12126016616821289,1593194477.321829,-1.0,1593194476.8312535,-0.003916311971640985,0.2199651392847075,1593194477.0242536,-0.05739116668701172,0.28212690353393555,-0.46396031975746155,0.32813621648132096,-0.03610447695183053,-0.9248209433556953,-0.1890219905408895,0.1355485057441371,-0.06607242120865059,-0.014443651102728397,0.002950349822640419,0.008594676852226257,-0.0004046591639053087,1593194477.0,200626.0,140117.0,5.960146427154541,23.737550735473633,0.07110239565372467,0.025332776829600334,4.293457984924316,2.6437353881192394e-05,0.02643735334277153,0.5337134599685669,93.42952728271484,7.904952526092529
1593194478.9834619,43.4100651,-72.0370172,1641651652.278923,294.71,1593194479.042386,0.08025535196065903,1593194478.621881,-1.0,1593194478.830462,-0.0016021276247622212,0.08998573879828943,1593194479.0434208,-0.02697443962097168,0.44782447814941406,-0.17028500139713287,0.32769258709205656,-0.035354622016736226,-0.9248908694812505,-0.18959034420873058,0.0731423702529352,-0.037452521764004335,0.020508965451484208,-0.0018016486428678036,0.00015020743012428276,-0.0006320931715890765,1593194479.0,200626.0,140119.0,5.960146427154541,23.737579345703125,0.07108760625123978,0.02533309906721115,4.292015075683594,2.595903060864657e-05,0.025660105049610138,0.5279989242553711,93.43331146240234,7.904307842254639
1593194479.9830766,43.4100657,-72.0370169,1641651652.379382,294.68,1593194480.0421307,0.07373037934303284,1593194479.921741,-1.0,1593194479.8300767,-0.003026241068995307,0.16997306217454672,1593194480.0230768,-0.0029175281524658203,0.008601665496826172,0.0005785524845123291,0.32793467080544836,-0.035180871562507876,-0.924766506303816,-0.18981060765525956,0.053967594547286286,-0.021022042656680312,0.042462431131128305,0.0014798627234995365,0.0012488756328821182,0.00018922332674264892,1593194480.0,200626.0,140120.0,5.960146427154541,23.73756217956543,0.07113131135702133,0.02504136599600315,4.294376850128174,2.566010516602546e-05,0.02536090649664402,0.5250861048698425,93.4365463256836,7.90554666519165
1593194480.9827042,43.4100668,-72.037016,1641651652.479435,294.72,1593194481.0224607,0.06297338008880615,1593194481.221935,-1.0,1593194480.8297043,-0.002848226888466171,0.15997464675251455,1593194481.0227041,0.07373905181884766,0.1308126449584961,0.15468552708625793,0.328016033508174,-0.03504955732585713,-0.9246936206784543,-0.19004925195695213,0.03092251780484865,-0.030619195993526742,0.05069918476657244,-0.003256707452237606,-0.0013623647391796114,-0.0009285979322157798,1593194481.0,200626.0,140121.0,5.960146427154541,23.737627029418945,0.07114610821008682,0.02474942058324814,4.294466018676758,2.5360906874993816e-05,0.024343881756067276,0.5200355052947998,93.44134521484375,7.905651092529297
1593194482.9829874,43.4100671,-72.03701,1641651652.679889,294.57,1593194482.7214456,0.061995308846235275,1593194482.521815,-1.0,1593194482.8289874,-0.0010680850831748141,0.059990492532192956,1593194482.5031633,0.4412689208984375,0.14036178588867188,-0.06974688172340393,0.32671429228175997,-0.03446723402691493,-0.9251943831462964,-0.18996087595056713,-0.026245667508506425,0.019714893285608083,-0.055175636669273026,-0.012373852543532848,-0.010908211581408978,0.0011852852767333401,1593194483.0,200626.0,140123.0,5.961721420288086,23.73760223388672,0.07113265991210938,0.023640086874365807,4.289082050323486,2.422417492198292e-05,0.024283958598971367,0.5273807644844055,93.44454956054688,7.905258655548096
1593194483.98164,43.4100684,-72.0370075,1641651652.78074,294.52,1593194484.0415065,0.04610133543610573,1593194483.821954,-1.0,1593194483.82864,-0.0024921985274079,0.13997781590845024,1593194484.02164,0.1957617998123169,0.14779186248779297,-0.17230097949504852,0.3270717733719744,-0.03453285641894269,-0.9250037664796751,-0.1902618429671993,0.014588085760227236,0.005776947247498054,-0.09281017541527359,0.001158377155661583,0.0011715311557054517,-0.001105421455577016,1593194484.0,200626.0,140124.0,5.961721420288086,23.737764358520508,0.07116695493459702,0.02369849570095539,4.28626823425293,2.428395782771986e-05,0.025181371718645096,0.5281501412391663,93.44766235351562,7.90594482421875
1593194485.9809475,43.4100741,-72.0370036,1641651652.980532,294.44,1593194486.0415375,0.13487261533737183,1593194485.926325,-1.0,1593194485.8279476,-0.0005340425415874071,0.029995246266096478,1593194486.0209475,0.1656736135482788,0.32553577423095703,-0.024438053369522095,0.3279211276287375,-0.0357345120232854,-0.924726364675277,-0.1899261150542528,0.0913605737934215,-0.12260666404389019,-0.0433410563579128,-0.0030830942559987307,-0.0007106214761734009,-0.00011565021122805766,1593194486.0,200626.0,140126.0,5.961721420288086,23.737747192382812,0.07125639170408249,0.024749575182795525,4.286043167114258,2.536101601435803e-05,0.025659974664449692,0.5316288471221924,93.45804595947266,7.90682315826416
1593194487.980297,43.410076,-72.0370003,1641651653.129619,294.38,1593194488.0414345,0.09480928629636765,1593194487.842683,-1.0,1593194487.827297,-0.0008900709026456784,0.0499920771101608,1593194488.020297,0.15253078937530518,-0.055332183837890625,0.19552797079086304,0.3280913813448131,-0.0344024423770731,-0.9247105097515359,-0.1899552331492849,0.0478191634398838,-0.0861918205467818,-0.009271533884625857,0.003001214936375618,0.0023746099323034286,-0.0008917520171962682,1593194488.0,200626.0,140128.0,5.961721420288086,23.737815856933594,0.07121335715055466,0.024982960894703865,4.285501956939697,2.5600118533475325e-05,0.025480417534708977,0.524847686290741,93.46370697021484,7.907060623168945
1593194489.9797082,43.410071,-72.0369961,1641651653.378337,294.32,1593194490.0416985,0.0901319608092308,1593194489.758561,-1.0,1593194489.8267083,-0.006052482137990614,0.33994612434909344,1593194490.0197082,-0.00447160005569458,0.0062122344970703125,0.0032604336738586426,0.3278162929261057,-0.031937404975504624,-0.9251551678820376,-0.18869127058975219,0.03140514548244687,0.09356518441624928,-0.08177310279427812,1.9887927919626236e-05,0.003852641209959984,0.0003485000925138588,1593194490.0,200626.0,140130.0,5.961721420288086,23.738298416137695,0.07125639915466309,0.02591697871685028,4.284966945648193,2.6556997909210622e-05,0.025240616872906685,0.5374712944030762,93.4721908569336,7.908140182495117
1593194490.9794037,43.4100677,-72.0369943,1641651653.479425,294.34,1593194491.0407007,0.17107783257961273,1593194491.122256,-1.0,1593194490.828404,-0.0007120567221165428,0.03999366168812864,1593194491.019404,0.14991897344589233,-0.3630213737487793,-0.1434117555618286,0.32767341961385926,-0.03200125984329563,-0.9254884192584625,-0.18728917551602972,0.010711410935520083,0.16716982392480315,-0.09723069085532124,-0.004226326942443848,-0.0016369745135307306,0.005899053066968918,1593194491.0,200626.0,140131.0,5.961721420288086,23.738624572753906,0.07123757153749466,0.024632493034005165,4.2829413414001465,2.524061710573733e-05,0.025240616872906685,0.5382211208343506,93.47467041015625,7.908108234405518
1593194491.9791965,43.4100644,-72.0369918,1641651653.580533,294.14,1593194492.0403929,0.2060209959745407,1593194492.432766,-1.0,1593194492.4281378,-0.0016021276247622212,0.08998573879828943,1593194492.0191965,0.0011845827102661133,-0.004365444183349609,0.011893272399902344,0.32759399730924366,-0.032080723018818785,-0.9255134142059922,-0.1872910042215292,-0.05720761379090408,0.18879704951452098,-0.06423172130948368,-0.0006101890467107296,0.0019332710653543472,0.00010623584967106558,1593194492.0,200626.0,140132.0,5.961721420288086,23.73881721496582,0.07123421877622604,0.02498263120651245,4.2812299728393555,2.559927997936029e-05,0.025599280372262,0.5400320887565613,93.47391510009766,7.907561779022217
1593194493.9788413,43.4100579,-72.0369872,1641651653.779172,294.09,1593194494.0403748,0.2073165327310562,1593194494.221791,-1.0,1593194493.8278415,-0.0010680850831748141,0.059990492532192956,1593194494.0188415,-0.0031817853450775146,-0.0021810531616210938,0.015848465263843536,0.327747832579399,-0.03295527300859086,-0.9254817828656077,-0.1870261420345606,-0.08170317584823233,0.18960107256314299,-0.037311806020951195,0.0014904161216691136,0.0037938114255666733,-0.001362505718134344,1593194494.0,200626.0,140134.0,5.960146427154541,23.73915672302246,0.07127995789051056,0.02434028498828411,4.278292179107666,2.4940914954640903e-05,0.024940915405750275,0.5315735340118408,93.474609375,7.907862186431885
1593194495.9784472,43.4100524,-72.0369831,1641651653.978197,294.05,1593194495.7204242,0.17295393347740173,1593194495.521944,-1.0,1593194495.8274472,-0.003026241068995307,0.16997306217454672,1593194496.0184472,0.00836743414402008,-0.0018734931945800781,0.0023012906312942505,0.32809228020711423,-0.033328417745399935,-0.925486179032811,-0.18633304768165035,-0.07265764292686351,0.14783969408265585,-0.024887089261885056,-0.0010103397071361542,0.0010675154626369476,0.0005050973268225788,1593194496.0,200626.0,140136.0,5.960146427154541,23.739534378051758,0.07125911116600037,0.02439890243113041,4.275424480438232,2.500079426681623e-05,0.025000793859362602,0.534676194190979,93.4880599975586,7.909241199493408
1593194496.978278,43.410049,-72.036981,1641651654.079982,294.08,1593194497.0394373,0.18419206142425537,1593194496.748968,-1.0,1593194496.827278,-0.0021361701663496283,0.11998098506438591,1593194497.018278,0.18568463623523712,-0.37921714782714844,-0.018928885459899902,0.32827855200578987,-0.03374550934011089,-0.9253693748980445,-0.18650992706330996,-0.07573470342950743,0.16236416648505114,-0.04172467614475037,5.222042091190815e-05,0.0020479969680309296,-0.00019495309970807309,1593194497.0,200626.0,140137.0,5.960146427154541,23.739927291870117,0.07128803431987762,0.02439897507429123,4.274131774902344,2.500069786037784e-05,0.025000697001814842,0.5344151258468628,93.49639129638672,7.910006523132324
1593194497.9781942,43.4100455,-72.036978,1641651654.178291,294.08,1593194498.0406172,0.20288589596748352,1593194498.021768,-1.0,1593194497.8271942,-0.0010680850831748141,0.059990492532192956,1593194498.0181942,0.005112588405609131,-0.0006155967712402344,0.010393470525741577,0.32806397101562457,-0.03350972690700982,-0.9254400394706843,-0.186579373105859,-0.11516549641087782,0.16544020163407025,-0.03925968494878317,-0.0027088478673249483,0.0020833685994148254,4.107481800019486e-06,1593194498.0,200626.0,140138.0,5.960146427154541,23.7403507232666,0.07128467410802841,0.024398991838097572,4.274336814880371,2.5000519599416293e-05,0.025000520050525665,0.5344151258468628,93.49639129638672,7.910006523132324
1593194499.9780583,43.4100389,-72.0369731,1641651654.380641,294.07,1593194500.0395296,0.17081721127033234,1593194500.322011,-1.0,1593194499.8270583,-0.0042723403326992565,0.23996197012877182,1593194500.0180583,0.004650235176086426,-0.001275777816772461,-0.00279390811920166,0.32646007138554023,-0.03382383507575218,-0.9261838291575882,-0.18564289530898762,-0.07217021359994792,0.14718928923718522,-0.0503498233766849,0.0013461889466270804,-0.003999270498752594,-0.0011291371192783113,1593194500.0,200626.0,140140.0,5.960146427154541,23.7413330078125,0.07127124071121216,0.02428237348794937,4.27416467666626,2.4880540877347812e-05,0.02488054148852825,0.5341124534606934,93.52264404296875,7.912106990814209
1593194501.9780304,43.4100341,-72.0369705,1641651654.578312,294.01,1593194502.0395281,0.09206674993038177,1593194501.822336,-1.0,1593194501.8270304,-0.03907751638202091,0.06980650194224666,1593194502.0180304,0.004658102989196777,-0.0025882720947265625,0.0010053589940071106,0.3273063845486999,-0.03464259584699908,-0.9259346285210377,-0.18524439233684806,0.03550549848550065,0.08765215434496013,-0.0025865944115706016,-0.0004856749437749386,-0.002037743106484413,-9.158693865174403e-05,1593194502.0,200626.0,140142.0,5.960146427154541,23.742355346679688,0.07130958884954453,0.024340899661183357,4.270108699798584,2.494002546882257e-05,0.024940025061368942,0.5355225205421448,93.54863739013672,7.913943767547607
1593194502.9780304,43.4100323,-72.0369696,1641651654.678797,294.02,1593194503.0204837,0.07961703091859818,1593194503.146633,-1.0,1593194502.8270304,-0.04396220592977352,0.0785323146850275,1593194503.0180304,0.08353829383850098,-0.20670437812805176,0.11884619295597076,0.32799854710215565,-0.03521068669795091,-0.9257161207893064,-0.18500493061519277,0.04599838411088908,0.05407012178218013,0.036194262066644126,0.003900873940438032,0.004251264035701752,-0.0012814098736271267,1593194503.0,200626.0,140143.0,5.960146427154541,23.742677688598633,0.07134591042995453,0.023757318034768105,4.2694244384765625,2.434188536426518e-05,0.0243418850004673,0.5337398648262024,93.55855560302734,7.914721965789795
1593194505.9780304,43.410023,-72.0369624,1641651654.978277,294.13,1593194505.7194123,0.0893087238073349,1593194505.533033,-1.0,1593194505.8270304,-0.1074631700505575,0.19196788034117832,1593194506.0180304,0.011774301528930664,-0.00238192081451416,-0.007929045706987381,0.32825542391917634,-0.03483816193253908,-0.9256257266525281,-0.1850721299920207,-0.0007904676663274268,0.10030909721613047,-0.06696015761967206,-0.002159506781026721,0.007667366415262222,-0.0003480588784441361,1593194506.0,200626.0,140146.0,5.960146427154541,23.743980407714844,0.07126455754041672,0.023990996181964874,4.269209861755371,2.458072231092956e-05,0.02458072267472744,0.5451235771179199,93.58153533935547,7.916243553161621
1593194506.9780304,43.4100195,-72.0369595,1641651655.079651,294.09,1593194507.0387006,0.12651453912258148,1593194507.321837,-1.0,1593194506.8270304,-0.034192826834268296,0.06108068919946583,1593194507.0180304,0.2381206750869751,-0.3808091878890991,-0.04809405654668808,0.3279524139573605,-0.034561716688653515,-0.9257325988004662,-0.1851265984055465,-0.02288537078243952,0.11288427931413948,-0.0722131492937178,-0.0011078647803515196,-0.0028883814811706543,-0.00024833099450916014,1593194507.0,200626.0,140147.0,5.960146427154541,23.74433135986328,0.07132845371961594,0.024107864126563072,4.268685340881348,2.470025538059417e-05,0.024700256064534187,0.5457048416137695,93.58428955078125,7.917019844055176
1593194508.9780304,43.4100156,-72.0369563,1641651655.280268,293.98,1593194509.0383759,0.06812116503715515,1593194508.621842,-1.0,1593194508.8270304,-0.02930813728651568,0.052354876456685,1593194509.0180304,0.13302397727966309,-0.18651992082595825,0.2545139193534851,0.32814367142331613,-0.03469768056734049,-0.9257726753702915,-0.18456098018217806,-0.024701954909457008,0.06294332994158738,0.031584559632359004,-0.0024247660767287016,-0.010964849032461643,-0.001033539185300468,1593194509.0,200626.0,140149.0,5.960146427154541,23.744848251342773,0.07131972908973694,0.025392331182956696,4.265804767608643,2.601602318463847e-05,0.026016023010015488,0.5419301986694336,93.5843734741211,7.916543483734131
1593194509.9780304,43.4100134,-72.0369541,1641651655.382785,293.99,1593194510.0384629,0.10188964009284973,1593194509.849412,-1.0,1593194509.8270304,-0.08303972231179443,0.14833881662727416,1593194510.0180304,0.00753331184387207,-0.0010978281497955322,0.0071645379066467285,0.32712669637494296,-0.03409186722148358,-0.9261429736907246,-0.1846214001449196,-0.03868110425204535,0.09742777066439029,0.010732547582072835,0.0009827972389757633,1.35209411382676e-05,0.0006803943542763591,1593194510.0,200626.0,140150.0,5.960146427154541,23.745025634765625,0.07134662568569183,0.025217117741703987,4.261569976806641,2.5836432541836984e-05,0.025836432352662086,0.5411407947540283,93.5876235961914,7.916456699371338
